{
    "0": {
        "precision": 0.9867549668874173,
        "recall": 0.7842105263157895,
        "f1-score": 0.873900293255132,
        "support": 380.0
    },
    "1": {
        "precision": 0.1368421052631579,
        "recall": 0.7647058823529411,
        "f1-score": 0.23214285714285715,
        "support": 17.0
    },
    "accuracy": 0.783375314861461,
    "macro avg": {
        "precision": 0.5617985360752876,
        "recall": 0.7744582043343653,
        "f1-score": 0.5530215751989945,
        "support": 397.0
    },
    "weighted avg": {
        "precision": 0.9503607133669831,
        "recall": 0.783375314861461,
        "f1-score": 0.8464194962427675,
        "support": 397.0
    },
    "model_name": "LogisticRegression",
    "auc_score": 0.8679566563467491
}